Campaign_ID,Date,Platform,Country,Ad_Format,Impressions,Clicks,Spend_USD,Conversions,CTR
CAMP016,2024-06-16,Instagram,CA,Image,3831,99.0,50.07,4.0,0.0482
CAMP027,2024-01-11,Instagram,US,Image,8521,209.0,7636.43,12.0,0.0195
,,LinkedIn,DE,Video,5795,224.0,908.64,19.0,0.0308
CAMP028,2024-07-11,Google Ads,FR,Carousel,7590,7.0,6.59,1.0,
,2024-12-01,Google Ads,DE,Carousel,21553,,0.0,0.0,0.0395
,2024-01-19,Google Ads,FR,Video,5645,114.0,139.08,17.0,0.046799999999999994
Camp006,2024-02-02,LinkedIn,AU,Text,6605,146.0,419.13,7.0,
,2024-08-17,Google Ads,P.H.,Video,11209,,0.0,0.0,0.0189
CAMP005,2024-02-04,TikTok,US,Image,38059,858.0,542.19,19.0,
CAMP014,2024-09-05,TikTok,FR,Text,19412,119.0,53.25,,0.0222
CAMP002,2024-04-01,Google Ads,IN,Carousel,1468400,,0.0,0.0,0.019299999999999998
CAMP018,2024-06-14,Instagram,CA,Text,14866,280.0,132.27,27.0,
Camp010,2024-02-13,Google Ads,US,Video,21613,212.0,8839.1,31.0,0.029300000000000003
,2024-01-04,Google Ads,FR,Text,3947,116.0,85.35,18.0,0.0054
CAMP024,2024-01-30,TikTok,CA,Carousel,4612,154.0,91.1,24.0,0.011699999999999999
CAMP022,,Facebook,FRANCE,Text,15381,676.0,462.88,109.0,
CAMP008,,Google Ads,AU,Image,78092,2129.0,2188.93,,
Camp001,2024-10-03,Google Ads,US,Image,1084,4.0,3.94,0.0,0.0347
,2024-09-24,TikTok,PH,Image,33155,,0.0,0.0,0.0277
CAMP017,2024-12-18,LinkedIn,DE,Image,8761,139.0,522.65,6.0,0.0066
,2024-07-27,TikTok,PH,Image,14967,330.0,225.24,51.0,0.0446
CAMP019,2024-09-12,Instagram,AU,Video,7318,53.0,37.79,9.0,0.0323
CAMP023,,Facebook,AU,Image,20593,709.0,350.5,123.0,0.0348
Camp019,2024-04-20,Instagram,PH,Image,29089,677.0,353.07,65.0,
,2024-04-07,Facebook,DE,Carousel,13725,336.0,176.69,45.0,0.018799999999999997
CAMP010,2024-08-03,Google Ads,DE,Carousel,15128,600.0,588.96,50.0,0.0559
Camp023,,Facebook,DE,Carousel,25916,538.0,397.96,,0.022099999999999998
CAMP025,2024-01-02,LinkedIn,IN,Text,17733,226.0,1097.63,14.0,0.0274
CAMP022,2024-04-25,LinkedIn,DE,Video,5111,141.0,736.67,24.0,0.0118
CAMP017,2024-11-06,Facebook,AU,Image,7266,191.0,125.22,4.0,
CAMP024,,LinkedIn,CA,Video,4901,52.0,225.25,2.0,0.0273
CAMP020,2024-01-21,TikTok,FR,Carousel,8519,231.0,107.8,24.0,0.0054
,2024-10-11,LinkedIn,PH,Image,4410,118.0,589.35,,0.0208
CAMP002,2024-04-10,TikTok,PH,Image,6278,163.0,93.46,12.0,0.0565
,2024-01-12,Google Ads,AU,Image,7717,189.0,150.38,13.0,0.0348
CAMP016,,TikTok,P.H.,Image,8507,182.0,69.97,,0.0373
CAMP012,2024-09-26,Google Ads,US,Text,14990,261.0,183.75,47.0,0.0412
CAMP006,2024-01-08,TikTok,FR,Video,7813,150.0,101.86,16.0,0.055099999999999996
CAMP003,2024-05-21,Google Ads,AU,Video,25336,141.0,90.43,8.0,0.0385
CAMP006,2024-04-17,Instagram,AU,Image,12831,349.0,289.6,51.0,0.0024
CAMP020,2024-07-22,Instagram,FR,Carousel,6540,68.0,40.11,9.0,0.0537
CAMP028,2024-01-06,TikTok,IN,Image,5389,22.0,15.28,2.0,0.0317
CAMP008,2024-08-07,Facebook,UK,Carousel,1900600,50134.0,48592.53,3866.0,
CAMP024,2024-09-24,TikTok,US,Carousel,17432,524.0,218.45,68.0,0.0191
,2024-03-02,Google Ads,FRANCE,Video,12468,338.0,359.87,17.0,0.049800000000000004
CAMP020,2024-07-20,TikTok,U S,Image,8825,244.0,147.5,37.0,0.013300000000000001
,2024-10-03,Facebook,FR,Text,3131,53.0,32.36,7.0,0.053
CAMP014,2024-03-24,Google Ads,DE,Video,3036,56.0,56.52,8.0,0.0331
CAMP010,2024-04-27,LinkedIn,AU,Text,11427,363.0,1693.18,10.0,
CAMP008,2024-07-02,Google Ads,DE,Image,8665,128.0,99.11,12.0,
CAMP023,,Facebook,US,Text,3638,77.0,54.5,15.0,0.031400000000000004
,2024-04-04,LinkedIn,UK,Carousel,21506,,0.0,,
CAMP001,2024-05-02,Instagram,DE,Image,20460,321.0,157.8,,0.004699999999999999
CAMP012,2024-12-16,TikTok,FR,Image,47838,1348.0,784.69,128.0,0.0169
CAMP002,2024-07-21,LinkedIn,DE,Text,29055,406.0,1321.98,22.0,0.0377
,2024-02-19,Facebook,PH,Video,2170,12.0,8.86,,0.0368
CAMP022,2024-06-07,Google Ads,FRANCE,Video,12695,237.0,297.54,32.0,
,2024-03-14,LinkedIn,CA,Image,33301,1362.0,3974.91,70.0,0.0596
CAMP028,2024-09-29,Facebook,PH,Video,25804,433.0,402.64,41.0,0.05
,2024-10-26,LinkedIn,AU,Text,42670,1019.0,3081.99,140.0,0.0365
CAMP004,2024-01-04,Google Ads,DE,Carousel,15595,80.0,72.39,10.0,0.0405
CAMP008,,LinkedIn,UK,Carousel,15343,142.0,462.57,15.0,0.0393
CAMP002,2024-01-30,Google Ads,AU,Video,3367,56.0,63.08,5.0,0.056900000000000006
CAMP017,2024-02-28,Instagram,CA,Video,2813,39.0,19.39,7.0,
Camp025,2024-11-12,Facebook,UK,Image,9533,89.0,68.2,15.0,0.0067
CAMP014,,Facebook,AU,Text,8351,,0.0,0.0,0.0248
CAMP021,2024-12-09,Instagram,DE,Text,12013,356.0,206.73,14.0,0.0571
CAMP014,,Facebook,FR,Carousel,16402,567.0,442.75,29.0,0.0377
CAMP023,2024-09-05,LinkedIn,P.H.,Text,35209,97.0,328.71,2.0,0.049400000000000006
CAMP016,2024-07-06,Facebook,IN,Text,2259,71.0,50.65,3.0,0.038
CAMP020,2024-02-02,Google Ads,UK,Image,12340,467.0,384.93,51.0,0.0225
CAMP015,2024-02-19,LinkedIn,FR,Image,1211,27.0,103.27,,0.0454
CAMP016,2024-03-16,TikTok,CA,Text,26719,699.0,447.56,126.0,0.0121
CAMP018,2024-10-30,Instagram,UK,Video,5396,104.0,53.97,5.0,0.0383
CAMP017,2024-04-14,LinkedIn,PH,Video,12900,277.0,1121.74,53.0,
CAMP019,2024-04-27,Facebook,US,Image,20925,,0.0,0.0,0.0492
Camp020,2024-02-10,LinkedIn,US,Text,8044,222.0,826.15,23.0,0.0349
CAMP017,2024-09-10,Google Ads,DE,Carousel,440200,10287.0,10575.31,,
,2024-11-07,Google Ads,FR,Video,11523,59.0,65.84,8.0,0.044000000000000004
CAMP030,2024-11-26,Google Ads,UK,Image,11209,326.0,399.94,11.0,
Camp028,2024-09-27,Facebook,DE,Video,14031,216.0,185.82,35.0,0.0424
CAMP007,2024-07-07,TikTok,FR,Image,30333,495.0,214.58,24.0,
CAMP018,2024-07-25,Instagram,UK,Video,4407,89.0,69.31,17.0,0.0059
,2024-01-07,Facebook,IN,Carousel,3200,73.0,62.67,6.0,
CAMP004,2024-12-03,Facebook,US,Text,7321,102.0,55.86,17.0,
Camp025,2024-07-01,LinkedIn,UK,Carousel,14810,371.0,1376.24,,0.0446
,2024-12-19,LinkedIn,AU,Video,26476,,0.0,0.0,0.0565
,,Google Ads,U S,Text,5074,74.0,48.34,2.0,0.010700000000000001
CAMP012,2024-05-21,LinkedIn,AU,Video,1826,26.0,124.92,0.0,0.009899999999999999
Camp019,2024-03-26,Google Ads,FR,Carousel,23448,492.0,365.96,15.0,0.0362
,2024-07-06,TikTok,CA,Carousel,13775,125.0,53.0,5.0,0.0519
CAMP025,,Google Ads,CA,Carousel,3655,89.0,61.53,7.0,0.020099999999999996
CAMP019,,Facebook,DE,Text,15101,367.0,275.66,60.0,
CAMP015,2024-01-22,Google Ads,US,Carousel,27549,340.0,407.12,44.0,0.0471
CAMP012,2024-02-05,LinkedIn,DE,Image,2156,17.0,49.15,3.0,
,2024-10-09,TikTok,CA,Image,22742,1340.0,702.16,182.0,0.0594
CAMP025,,Google Ads,DE,Image,13439,247.0,187.37,,0.006500000000000001
Camp015,2024-03-16,TikTok,FR,Video,3881,56.0,33.83,7.0,0.008199999999999999
CAMP014,2024-08-25,Google Ads,PH,Video,13898,200.0,157.89,39.0,0.0206
CAMP015,2024-11-16,Facebook,IN,Carousel,29364,550.0,294.84,86.0,0.0588
CAMP007,2024-05-26,Facebook,US,Image,6484,202.0,159.79,31.0,0.0026
CAMP005,2024-04-22,Google Ads,US,Carousel,11374,148.0,97.08,26.0,0.0296
Camp028,,Instagram,IN,Carousel,6714,180.0,154.51,10.0,
CAMP009,2024-08-27,LinkedIn,FR,Image,7390,278.0,1014.24,15.0,0.0368
CAMP012,2024-03-18,LinkedIn,UK,Image,10832,234.0,1281.0,9.0,0.0029
CAMP004,2024-05-09,Google Ads,CA,Text,24970,490.0,501.51,79.0,0.0059
CAMP021,2024-06-29,Google Ads,DE,Video,22669,685.0,702.55,97.0,
Camp022,2024-07-01,Facebook,FR,Video,11988,337.0,284.7,20.0,0.024399999999999998
CAMP011,2024-07-10,TikTok,UK,Text,6383,176.0,100.72,11.0,0.0415
,2024-06-15,Instagram,AU,Image,11662,268.0,184.56,10.0,0.057699999999999994
CAMP011,2024-05-06,Google Ads,US,Text,12535,109.0,133.97,21.0,0.047
CAMP008,2024-02-04,Google Ads,DE,Image,32864,733.0,519.8,138.0,0.0167
CAMP015,2024-04-11,TikTok,CA,Text,2719,37.0,20.26,5.0,0.015600000000000001
,2024-06-02,TikTok,U S,Text,3588,48.0,19.54,7.0,0.0152
CAMP026,2024-05-18,LinkedIn,FR,Carousel,26198,454.0,2185.92,19.0,0.0553
CAMP010,,Facebook,PH,Image,26223,317.0,181.72,55.0,0.0215
,,TikTok,IN,Video,7337,39.0,788.17,,0.0378
CAMP020,2024-10-05,LinkedIn,FR,Carousel,11956,273.0,1519.01,14.0,0.0338
CAMP017,2024-11-21,Facebook,UK,Video,1408,34.0,18.49,2.0,0.037000000000000005
CAMP009,2024-03-08,Facebook,US,Image,522,,0.0,0.0,
CAMP025,2024-10-24,Instagram,US,Video,10016,144.0,87.32,,0.055099999999999996
CAMP015,2024-11-23,LinkedIn,US,Carousel,3167,95.0,301.55,18.0,
Camp020,2024-03-10,Instagram,US,Video,20840,467.0,285.32,71.0,0.0454
CAMP009,2024-10-31,Instagram,U S,Image,20998,73.0,41.49,3.0,0.041100000000000005
,,Instagram,FRANCE,Video,31309,348.0,227.83,60.0,0.0207
,,Instagram,CA,Image,19110,135.0,72.99,25.0,0.0537
CAMP010,2024-07-19,Google Ads,FR,Text,7182,161.0,154.64,24.0,
CAMP003,2024-03-01,LinkedIn,CA,Image,49808,189.0,711.65,32.0,0.0177
CAMP019,,Google Ads,AU,Text,14160,247.0,220.57,11.0,
CAMP008,2024-04-03,Google Ads,FR,Carousel,18221,560.0,434.45,39.0,0.0179
CAMP024,2024-02-27,LinkedIn,IN,Video,15179,244.0,1069.95,10.0,0.051
CAMP030,2024-06-03,Instagram,AU,Carousel,15716,118.0,95.8,9.0,0.0437
,2024-01-11,Google Ads,IN,Text,4071,89.0,109.74,9.0,
CAMP028,2024-01-14,LinkedIn,FR,Carousel,18061,360.0,1038.59,34.0,0.0526
,2024-09-13,TikTok,CA,Carousel,52133,1189.0,791.83,183.0,
,,Google Ads,AU,Carousel,10989,285.0,306.97,40.0,0.056900000000000006
CAMP015,,TikTok,PH,Video,10312,,0.0,0.0,0.0296
CAMP022,2024-03-14,TikTok,CA,Video,1529,12.0,5.16,0.0,0.0147
CAMP011,,Instagram,PH,Image,50859,466.0,362.05,73.0,0.0223
CAMP014,2024-06-12,Instagram,AU,Text,20358,530.0,265.7,,0.0169
CAMP026,2024-04-16,LinkedIn,IN,Image,5014,19.0,84.13,1.0,0.030600000000000002
CAMP011,2024-10-22,LinkedIn,IN,Text,5539,94.0,480.35,9.0,0.0174
Camp014,,TikTok,U S,Image,393100,,0.0,0.0,0.0051
CAMP021,2024-08-30,Facebook,US,Image,14380,246.0,208.3,18.0,0.032
CAMP025,2024-06-29,TikTok,US,Image,6861,236.0,156.5,22.0,
CAMP008,2024-09-11,Facebook,U S,Image,15932,335.0,204.69,31.0,0.033
,2024-07-27,TikTok,US,Carousel,5358,69.0,30.11,3.0,0.0258
CAMP003,2024-11-17,Google Ads,U S,Carousel,46412,974.0,1072.55,31.0,0.0040999999999999995
CAMP001,,Google Ads,IN,Carousel,54331,1770.0,1396.05,249.0,
Camp012,2024-07-18,Facebook,US,Text,2064,36.0,29.04,7.0,0.0182
CAMP010,2024-08-10,TikTok,US,Text,6515,55.0,23.11,10.0,0.0045000000000000005
CAMP030,2024-02-20,Facebook,AU,Video,15333,355.0,181.89,55.0,0.0574
CAMP022,2024-06-19,Google Ads,AU,Image,13314,254.0,13745.37,22.0,0.0333
CAMP010,2024-08-11,Instagram,UK,Image,30506,335.0,210.73,45.0,0.055
CAMP023,2024-11-04,Facebook,DE,Image,2099300,55700.0,32159.24,2906.0,0.0519
CAMP014,,TikTok,AU,Video,17030,82.0,55.63,12.0,0.048600000000000004
CAMP027,2024-01-13,Google Ads,DE,Image,36260,619.0,735.92,40.0,
,2024-02-02,Instagram,DE,Video,7171,91.0,52.52,,0.024
CAMP011,2024-10-03,Instagram,DE,Text,4055,159.0,86.43,12.0,0.0565
CAMP019,2024-03-19,Facebook,IN,Carousel,16029,493.0,347.32,84.0,0.034300000000000004
Camp002,2024-03-25,Google Ads,US,Image,7081,7.0,5.11,,0.0258
CAMP029,2024-01-28,Google Ads,UK,Carousel,13755,437.0,391.83,,0.048799999999999996
,2024-02-19,TikTok,US,Image,8814,35.0,15.39,6.0,0.0565
CAMP011,,Facebook,US,Image,5281,56.0,33.08,,0.0034999999999999996
,2024-03-06,LinkedIn,UK,Video,15027,275.0,929.11,38.0,0.0066
CAMP017,2024-04-22,LinkedIn,CA,Video,9245,92.0,478.9,12.0,0.0356
CAMP006,2024-01-23,LinkedIn,CA,Image,7616,124.0,638.26,12.0,
CAMP010,,Google Ads,FR,Image,15391,,0.0,,
,2024-11-04,Google Ads,UK,Carousel,9230,135.0,105.62,19.0,0.0129
CAMP011,2024-05-05,Google Ads,US,Image,8947,180.0,185.05,20.0,0.0455
CAMP006,,Google Ads,IN,Text,8813,231.0,233.66,43.0,0.0292
CAMP027,2024-06-09,TikTok,FRANCE,Carousel,8716,163.0,83.81,12.0,0.059000000000000004
Camp009,2024-03-02,TikTok,U S,Image,2619,48.0,19.5,1.0,0.055
,2024-12-13,Instagram,FRANCE,Video,7136,48.0,25.24,,0.0177
CAMP025,2024-08-10,Google Ads,US,Video,24788,635.0,457.49,91.0,0.0036
,2024-03-08,LinkedIn,FR,Image,20087,217.0,1130.07,7.0,0.0177
CAMP004,2024-03-07,Google Ads,DE,Carousel,21871,346.0,379.59,43.0,0.019299999999999998
,,Facebook,PH,Video,6719,148.0,78.93,26.0,
CAMP002,2024-05-30,LinkedIn,US,Carousel,22079,219.0,826.88,13.0,0.0288
CAMP012,2024-10-11,Instagram,PH,Image,33620,468.0,297.34,19.0,0.0292
CAMP023,2024-10-28,Facebook,UK,Carousel,2896,70.0,36.85,,0.029900000000000003
CAMP016,2024-06-26,TikTok,P.H.,Carousel,5488,135.0,84.92,22.0,0.025
CAMP004,2024-10-27,Google Ads,AU,Carousel,3739900,134616.0,128857.06,16356.0,0.0533
,2024-04-05,Google Ads,FR,Carousel,5057,59.0,64.2,8.0,
CAMP023,2024-09-08,Google Ads,AU,Video,3416,48.0,34.04,8.0,0.0049
,2024-04-10,Facebook,UK,Image,33334,368.0,17705.52,66.0,0.0085
,2024-08-09,Instagram,AU,Text,3399,98.0,74.54,4.0,0.056799999999999996
,,LinkedIn,AU,Text,6623,185.0,790.15,,0.0397
CAMP015,2024-01-23,Google Ads,IN,Video,7060,126.0,138.09,7.0,0.031400000000000004
CAMP008,2024-10-18,Facebook,IN,Image,16268,276.0,136.05,35.0,
,2024-02-24,LinkedIn,AU,Video,16883,513.0,1809.49,95.0,0.0447
CAMP003,,Instagram,US,Carousel,3386,86.0,61.36,2.0,0.0479
CAMP007,2024-03-26,Facebook,DE,Text,1679,10.0,9.32,1.0,0.0337
CAMP025,2024-09-19,LinkedIn,IN,Carousel,89002,1002.0,4756.25,25.0,0.0371
CAMP011,,Facebook,IN,Carousel,9339,341.0,207.99,,0.049800000000000004
CAMP006,2024-11-06,Facebook,FR,Carousel,5455,116.0,88.41,7.0,0.0154
,2024-12-26,LinkedIn,CA,Image,18000,514.0,2091.57,59.0,0.0344
CAMP014,,Google Ads,IN,Carousel,13372,193.0,242.79,17.0,0.0127
CAMP017,,Google Ads,PH,Image,4302,50.0,42.44,3.0,0.0199
CAMP004,2024-04-05,TikTok,IN,Text,19333,,0.0,0.0,0.0123
CAMP020,2024-04-15,TikTok,CA,Image,1782,15.0,6.7,1.0,
CAMP011,2024-11-16,Instagram,DE,Image,12823,12.0,6.1,0.0,0.0444
CAMP004,2024-05-14,LinkedIn,DE,Text,5895,5.0,15.59,0.0,0.0571
CAMP016,2024-07-31,TikTok,IN,Image,3891,115.0,69.78,13.0,0.0344
CAMP011,2024-12-21,LinkedIn,PH,Video,17463,656.0,3435.13,57.0,0.016200000000000003
CAMP029,2024-01-22,Google Ads,FR,Video,1619,38.0,37.57,6.0,0.048
CAMP003,,TikTok,DE,Text,15001,170.0,117.16,8.0,0.021099999999999997
CAMP029,2024-07-01,Facebook,AU,Video,28837,775.0,700.01,106.0,0.0174
CAMP010,2024-12-13,Facebook,IN,Text,27364,400.0,312.9,50.0,0.0426
CAMP022,2024-03-12,Facebook,IN,Carousel,8468,235.0,133.65,11.0,0.0236
CAMP018,2024-08-22,Instagram,US,Carousel,21083,633.0,532.41,33.0,0.0242
,2024-04-13,Facebook,DE,Video,4894,4.0,3.61,,0.0519
CAMP013,2024-07-22,Google Ads,UK,Image,6992,193.0,190.5,33.0,0.045599999999999995
CAMP007,2024-09-18,LinkedIn,CA,Text,7153,196.0,48800.58,14.0,0.053899999999999997
,,LinkedIn,PH,Text,41106,698.0,2571.53,139.0,0.0472
Camp026,2024-12-20,Google Ads,PH,Video,967,24.0,29.14,2.0,0.0147
CAMP005,2024-06-29,Instagram,UK,Video,4867,61.0,31.8,2.0,0.0404
CAMP026,2024-07-07,Instagram,US,Video,2432600,47400.0,39953.73,2187.0,0.0576
,,TikTok,PH,Image,4234,156.0,83.31,30.0,
,2024-04-14,LinkedIn,DE,Text,31998,721.0,2616.59,88.0,0.0582
CAMP023,2024-08-04,Instagram,P.H.,Text,6349,135.0,72.22,19.0,0.0183
CAMP026,2024-09-30,Facebook,FR,Carousel,16438,440.0,428.55,84.0,0.0504
CAMP005,2024-10-07,Google Ads,CA,Text,7160,66.0,83.08,1.0,0.0509
Camp005,2024-07-11,Google Ads,P.H.,Carousel,9880,115.0,76.73,21.0,
CAMP016,2024-11-20,Google Ads,AU,Carousel,6081,166.0,166.42,,
,2024-03-21,TikTok,DE,Text,40077,235.0,92.7,25.0,
CAMP018,2024-05-07,LinkedIn,DE,Carousel,15063,371.0,1634.35,,0.046900000000000004
CAMP004,,Google Ads,U S,Video,5848,146.0,132.63,3.0,0.06
CAMP030,,Google Ads,AU,Carousel,5039,141.0,104.14,22.0,0.058499999999999996
CAMP015,2024-11-24,Instagram,PH,Text,3113,100.0,76.54,18.0,
CAMP010,2024-07-02,Instagram,FR,Image,3249,48.0,33.75,5.0,
CAMP030,2024-11-20,Google Ads,US,Image,2743,51.0,33.63,7.0,0.0218
,,Instagram,AU,Video,9520,79.0,3102.56,7.0,0.0264
CAMP013,2024-10-17,LinkedIn,AU,Video,29045,388.0,1143.97,43.0,0.056600000000000004
CAMP027,2024-07-31,TikTok,PH,Video,26784,560.0,372.81,110.0,
CAMP007,2024-06-12,Google Ads,DE,Image,3905400,85803.0,94288.7,11682.0,0.030600000000000002
CAMP005,2024-11-05,Facebook,CA,Carousel,7854,7.0,5.61,,
,2024-03-01,Facebook,DE,Carousel,11005,117.0,96.16,,0.018000000000000002
,2024-09-05,LinkedIn,UK,Text,5349,114.0,373.9,,0.0599
CAMP005,2024-06-08,Facebook,CA,Image,29633,1051.0,890.34,139.0,0.0074
,2024-05-07,Google Ads,DE,Image,22093,586.0,580.27,58.0,0.0495
CAMP019,2024-07-15,TikTok,FR,Carousel,9318,10.0,5.7,1.0,0.0269
CAMP008,2024-11-14,Google Ads,US,Text,9803,162.0,169.3,4.0,0.0377
CAMP020,2024-01-22,Google Ads,DE,Carousel,16660,377.0,349.59,50.0,0.0499
CAMP024,2024-02-26,Google Ads,US,Carousel,25459,352.0,430.37,16.0,0.0394
,,TikTok,CA,Image,29177,831.0,437.36,140.0,0.0103
Camp012,2024-07-05,Google Ads,US,Carousel,16279,272.0,230.76,13.0,0.053200000000000004
CAMP012,,TikTok,DE,Text,11445,209.0,98.88,,0.0584
CAMP006,,Instagram,AU,Text,22370,541.0,442.45,66.0,0.051399999999999994
CAMP015,,Instagram,U S,Image,35725,35.0,27.33,4.0,0.056900000000000006
,2024-06-01,Google Ads,PH,Image,8443,223.0,171.19,,0.0443
,2024-08-31,TikTok,CA,Text,30378,78.0,44.39,14.0,0.0458
CAMP001,,Google Ads,IN,Image,25757,172.0,146.22,17.0,0.0176
CAMP011,2024-11-09,LinkedIn,DE,Carousel,10166,103.0,320.62,3.0,0.041100000000000005
Camp018,2024-07-06,TikTok,AU,Image,16387,388.0,198.47,27.0,0.004
CAMP002,2024-01-05,Facebook,IN,Image,54062,1658.0,1098.85,179.0,0.0559
CAMP006,2024-04-20,Google Ads,PH,Image,13840,257.0,201.02,46.0,0.0487
CAMP014,,Google Ads,AU,Video,13124,48.0,32.86,8.0,0.0203
CAMP012,,LinkedIn,AU,Text,4707,121.0,488.14,23.0,
CAMP010,2024-08-11,Google Ads,US,Video,28580,748.0,806.89,121.0,0.0441
,2024-06-22,Instagram,AU,Text,61844,2155.0,1940.94,395.0,0.0074
,2024-02-09,LinkedIn,DE,Video,23024,1032.0,4727.17,,0.0034999999999999996
,2024-09-28,Google Ads,US,Carousel,9451,230.0,147.92,42.0,0.0029
Camp027,,Facebook,US,Text,16270,364.0,343.13,,0.0368
Camp007,2024-06-02,Instagram,UK,Text,16934,334.0,183.27,36.0,0.0052
,2024-12-28,LinkedIn,US,Video,10087,131.0,374.05,6.0,0.0554
CAMP029,2024-11-04,TikTok,US,Image,6355,149.0,78.46,19.0,0.014499999999999999
,,Facebook,AU,Video,11927,255.0,138.71,42.0,
CAMP008,2024-06-28,TikTok,DE,Carousel,28086,512.0,352.1,56.0,
CAMP009,2024-10-16,LinkedIn,CA,Video,2791,66.0,274.49,,0.0217
,2024-05-22,Google Ads,FR,Video,2784,41.0,50.15,6.0,0.0179
CAMP023,,Instagram,CA,Image,4078,43.0,26.34,3.0,0.0398
CAMP017,,TikTok,PH,Video,6935,169.0,109.34,14.0,0.0111
CAMP014,2024-07-27,Google Ads,US,Image,3066,57.0,60.46,8.0,0.0229
CAMP030,2024-08-17,Facebook,IN,Image,5814,50.0,28.9,4.0,0.0572
CAMP021,2024-04-07,Facebook,DE,Text,21508,69.0,55.43,12.0,0.056900000000000006
,2024-07-15,Facebook,PH,Video,121154,2246.0,1494.16,188.0,0.0087
Camp007,2024-05-17,Instagram,UK,Carousel,4040,36.0,21.11,1.0,
Camp026,2024-11-24,TikTok,AU,Carousel,613,13.0,5.15,1.0,0.0467
CAMP019,2024-06-25,Facebook,CA,Video,5744,184.0,178.71,13.0,0.0027
CAMP028,2024-03-26,Facebook,DE,Carousel,5564,13.0,10.62,1.0,0.056299999999999996
CAMP020,2024-10-03,Google Ads,CA,Carousel,10663,238.0,259.55,27.0,0.015
,2024-10-25,TikTok,PH,Image,13508,371.0,10509.0,,0.0353
CAMP003,2024-10-09,LinkedIn,DE,Text,13572,389.0,1463.32,58.0,0.0131
Camp016,,Facebook,IN,Image,6499,,0.0,0.0,0.0332
CAMP026,2024-03-01,TikTok,U S,Text,3072,55.0,37.83,9.0,0.0393
CAMP004,,Google Ads,US,Carousel,2425,84.0,69.51,12.0,0.016
CAMP026,2024-11-13,TikTok,PH,Image,16806,579.0,277.06,70.0,0.0175
CAMP013,2024-11-01,Facebook,UK,Video,22875,534.0,414.18,22.0,0.04190000000000001
,2024-01-08,TikTok,U S,Carousel,15843,176.0,63.04,8.0,0.0222
CAMP017,2024-07-07,Instagram,US,Carousel,5048,,0.0,0.0,0.022799999999999997
CAMP019,2024-12-21,Google Ads,DE,Video,31647,559.0,670.67,68.0,
,2024-06-25,Google Ads,IN,Carousel,10285,272.0,308.0,53.0,0.0387
CAMP017,2024-01-13,TikTok,DE,Carousel,5888,149.0,93.84,11.0,0.0137
,2024-03-29,LinkedIn,IN,Video,11903,129.0,617.07,24.0,0.043
CAMP024,,Facebook,DE,Image,27664,351.0,293.44,67.0,0.009399999999999999
CAMP022,2024-03-16,Facebook,PH,Video,16290,163.0,153.99,5.0,0.0044
,2024-11-16,Facebook,IN,Video,2770,59.0,49.04,4.0,
,,Google Ads,FR,Video,15238,257.0,187.01,27.0,0.0104
CAMP026,2024-01-05,Google Ads,P.H.,Text,17983,76.0,74.88,3.0,0.0258
,,Instagram,PH,Video,2015,24.0,21.26,0.0,0.04
,2024-10-19,Google Ads,AU,Image,4698,132.0,134.21,,
CAMP023,,TikTok,IN,Text,1109,16.0,6.12,1.0,0.0552
,2024-03-10,Instagram,IN,Video,7847,49.0,29.95,4.0,0.0148
CAMP013,2024-07-15,Google Ads,UK,Image,2822,74.0,63.89,,0.0178
CAMP022,2024-03-12,Instagram,FR,Image,6394,6.0,4.81,1.0,0.0060999999999999995
CAMP021,2024-12-07,LinkedIn,FRANCE,Video,11169,212.0,1119.28,13.0,
Camp013,2024-01-20,Facebook,AU,Image,7004,144.0,83.49,20.0,0.031200000000000002
CAMP005,2024-08-04,TikTok,IN,Video,11543,465.0,250.38,32.0,0.0483
CAMP008,2024-08-19,Instagram,FR,Image,18496,526.0,427.54,97.0,
CAMP004,2024-06-25,Facebook,CA,Video,4244,78.0,58.55,12.0,0.0259
CAMP020,2024-08-04,Google Ads,US,Video,1633,41.0,35.98,2.0,0.020499999999999997
CAMP014,2024-11-02,Instagram,CA,Text,6633,117.0,74.02,12.0,0.0384
,2024-12-23,Google Ads,FR,Carousel,17678,17.0,17.78,3.0,0.0302
CAMP028,2024-09-01,Instagram,IN,Video,4947,58.0,32.73,2.0,0.0207
Camp006,2024-06-29,LinkedIn,AU,Carousel,5270,,0.0,0.0,0.0319
,2024-03-25,LinkedIn,IN,Video,4623,107.0,515.35,3.0,0.045
CAMP007,2024-04-20,Instagram,PH,Image,8384,168.0,84.6,33.0,
CAMP003,2024-03-23,Google Ads,US,Image,14225,116.0,139.16,14.0,0.0574
CAMP008,2024-10-24,Google Ads,DE,Video,4223,39.0,38.57,4.0,0.0096
CAMP018,2024-12-04,Facebook,FR,Image,9979,312.0,302.16,40.0,0.0475
CAMP028,2024-09-23,TikTok,US,Carousel,7532,118.0,78.03,,
,2024-09-24,Google Ads,FR,Text,6741,55.0,63.64,4.0,0.0415
CAMP023,2024-01-25,LinkedIn,US,Carousel,5834,109.0,308.04,8.0,0.0075
CAMP021,2024-05-11,TikTok,FR,Video,12019,38.0,21.91,,
CAMP022,2024-07-05,Facebook,U S,Text,24043,483.0,296.52,94.0,
Camp026,2024-04-14,TikTok,IN,Image,1936,39.0,18.03,2.0,0.039
CAMP012,2024-04-04,TikTok,DE,Video,9821,48.0,28.74,2.0,0.0095
CAMP021,2024-04-28,LinkedIn,CA,Video,48420,800.0,3917.79,,0.0131
CAMP027,2024-11-06,LinkedIn,PH,Image,15850,682.0,3235.75,71.0,
CAMP003,2024-12-17,LinkedIn,DE,Carousel,30342,1045.0,5388.59,26.0,0.0305
CAMP007,2024-10-17,Facebook,IN,Video,9227,,0.0,0.0,0.0043
,2024-08-02,Google Ads,US,Image,11316,217.0,162.55,36.0,0.0481
,2024-06-11,Google Ads,UK,Text,13818,518.0,542.14,51.0,0.026099999999999998
CAMP009,2024-01-25,Instagram,UK,Carousel,4900,90.0,57.39,5.0,0.0453
CAMP004,2024-07-10,Google Ads,IN,Image,6700,65.0,80.57,,0.0546
CAMP029,2024-08-13,Facebook,UK,Text,29573,160.0,134.8,19.0,0.0359
,2024-09-29,Google Ads,P.H.,Image,14008,422.0,435.17,70.0,0.0236
CAMP027,2024-02-27,TikTok,FR,Image,41218,396.0,221.5,77.0,0.0274
,2024-05-08,LinkedIn,DE,Text,6105,191.0,987.74,12.0,0.0349
CAMP026,2024-01-04,TikTok,DE,Video,6500,108.0,49.64,11.0,0.0052
,2024-12-30,Facebook,DE,Video,3915,157.0,146.19,25.0,0.0349
,2024-01-06,Google Ads,CA,Text,10315,74.0,53.5,13.0,0.0242
CAMP025,2024-08-05,Instagram,US,Text,3099,94.0,58.9,14.0,0.053399999999999996
CAMP008,2024-12-25,Google Ads,P.H.,Image,6979,179.0,185.61,4.0,
CAMP006,2024-02-05,Google Ads,DE,Video,10993,,0.0,0.0,0.0424
CAMP026,2024-11-06,Google Ads,UK,Carousel,13054,102.0,84.01,5.0,0.0258
,,Instagram,IN,Carousel,3564,,0.0,0.0,0.017
CAMP023,2024-05-31,TikTok,FRANCE,Text,8003,180.0,121.24,18.0,0.0313
CAMP014,2024-01-26,TikTok,UK,Video,5527,89.0,48.68,,0.038599999999999995
,2024-09-17,LinkedIn,US,Carousel,8667,218.0,956.77,5.0,
CAMP014,2024-09-13,Instagram,PH,Video,2645,37.0,31.12,6.0,0.0191
,2024-03-26,Instagram,PH,Carousel,3891,65.0,49.62,9.0,0.0557
CAMP029,2024-12-18,TikTok,AU,Carousel,9620,258.0,166.4,31.0,0.044800000000000006
,2024-08-04,TikTok,UK,Video,11002,278.0,98.61,10.0,0.0149
CAMP025,2024-03-18,Google Ads,FR,Video,2051,21.0,23.87,2.0,0.0521
CAMP007,2024-05-04,Facebook,DE,Image,5788,,0.0,0.0,0.052000000000000005
CAMP016,2024-06-24,TikTok,U S,Image,10590,176.0,101.57,15.0,0.0302
CAMP004,,Google Ads,AU,Image,10963,333.0,337.39,31.0,
CAMP016,2024-05-13,Facebook,CA,Text,34549,405.0,223.21,27.0,0.059800000000000006
CAMP013,,Instagram,U S,Video,32184,78.0,39.57,12.0,0.0404
,2024-04-03,TikTok,AU,Video,22406,149.0,82.06,,0.0113
,2024-07-12,Facebook,US,Text,9990,191.0,148.04,12.0,
CAMP024,2024-07-03,Google Ads,DE,Image,1410,,0.0,,0.0407
CAMP007,,Instagram,UK,Image,3184,57.0,41.26,8.0,
,,LinkedIn,IN,Text,14014,362.0,1399.2,29.0,0.0241
,,Instagram,FRANCE,Image,13400,284.0,180.55,18.0,
CAMP001,2024-06-06,TikTok,US,Video,21523,545.0,355.31,100.0,0.0168
,,LinkedIn,U S,Text,6494,85.0,363.6,13.0,0.013300000000000001
,2024-06-20,Instagram,DE,Text,19604,543.0,278.61,97.0,0.0023
Camp030,2024-11-10,Instagram,UK,Text,9393,117.0,63.85,8.0,0.0388
CAMP029,2024-11-08,Google Ads,CA,Video,14302,209.0,253.03,20.0,
CAMP009,2024-03-05,TikTok,FR,Carousel,7366,232.0,93.05,44.0,0.017
CAMP002,2024-05-18,Facebook,FR,Carousel,19020,19.0,10.21,2.0,0.0583
,2024-07-16,Google Ads,DE,Carousel,27122,285.0,199.6,45.0,0.0034999999999999996
,2024-12-29,TikTok,IN,Carousel,10658,302.0,180.44,44.0,0.0127
CAMP014,2024-12-06,Instagram,AU,Image,7666,203.0,100.48,31.0,
,2024-11-16,LinkedIn,FR,Video,21128,374.0,1537.6,41.0,0.042199999999999994
CAMP003,2024-06-01,Google Ads,DE,Text,34948,792.0,688.95,,0.048600000000000004
CAMP030,2024-04-08,Instagram,IN,Text,3758,64.0,52.92,4.0,0.023799999999999998
CAMP020,,Google Ads,US,Carousel,12044,295.0,331.69,17.0,0.037000000000000005
,2024-03-23,TikTok,IN,Text,16177,410.0,175.32,72.0,0.0326
CAMP027,,Facebook,US,Image,10727,256.0,226.08,31.0,0.025099999999999997
CAMP006,2024-06-09,TikTok,AU,Text,4901,54.0,35.46,1.0,0.0172
CAMP029,2024-06-02,LinkedIn,US,Image,34494,518.0,79137.21,46.0,
CAMP017,2024-03-08,Google Ads,UK,Video,5911,181.0,117.79,17.0,0.058499999999999996
CAMP014,2024-12-10,Instagram,CA,Carousel,15579,,0.0,0.0,0.0296
CAMP013,2024-12-29,TikTok,CA,Image,30334,932.0,392.14,79.0,0.0060999999999999995
CAMP015,2024-08-01,LinkedIn,IN,Text,20372,358.0,1125.95,,0.0529
,2024-10-17,Instagram,PH,Video,6173,117.0,68.94,16.0,0.0599
CAMP029,,Facebook,IN,Image,6738,91.0,45.41,6.0,0.012
,2024-11-09,Google Ads,PH,Video,7808,97.0,117.53,2.0,0.018500000000000003
CAMP023,2024-09-01,Google Ads,IN,Video,6504,225.0,182.68,,0.0225
CAMP028,2024-07-07,Facebook,P.H.,Carousel,11605,278.0,183.89,37.0,0.0069
CAMP003,2024-04-02,LinkedIn,UK,Image,2588,52.0,257.25,,0.0588
,2024-03-06,Google Ads,FR,Image,15025,138.0,127.86,17.0,
,2024-12-30,Google Ads,UK,Image,20673,,0.0,0.0,
,,TikTok,US,Text,12738,56.0,25.19,2.0,0.0143
,2024-03-06,Instagram,US,Carousel,21976,333.0,233.33,25.0,0.038
,2024-01-27,Instagram,AU,Image,14440,540.0,453.87,26.0,0.0287
CAMP023,2024-02-11,Instagram,IN,Image,72211,1420.0,1264.22,,0.0547
CAMP027,2024-09-29,Instagram,US,Image,9481,75.0,42.59,10.0,0.042199999999999994
CAMP020,2024-02-16,Instagram,US,Text,1735,31.0,25.83,5.0,0.0046
,2024-03-14,Facebook,US,Text,16977,332.0,312.88,47.0,0.0318
CAMP006,2024-04-07,Instagram,UK,Text,34365,623.0,434.09,50.0,0.053399999999999996
CAMP011,2024-07-29,LinkedIn,CA,Image,710200,,0.0,0.0,0.0158
Camp024,2024-10-01,Facebook,AU,Image,2874,60.0,53.05,,0.0455
CAMP008,2024-04-27,Facebook,AU,Carousel,35514,789.0,641.54,154.0,0.0352
CAMP001,2024-10-12,Google Ads,US,Video,2645,42.0,33.47,2.0,0.020099999999999996
CAMP020,,TikTok,DE,Video,5873,138.0,61.88,5.0,0.0058
,,Instagram,FR,Carousel,39002,1346.0,690.99,78.0,0.0074
CAMP007,2024-03-04,LinkedIn,DE,Text,7294,108.0,400.46,10.0,0.0213
Camp003,2024-05-12,Google Ads,CA,Image,10130,140.0,160.02,20.0,0.0271
CAMP008,,Google Ads,FR,Carousel,11118,368.0,244.39,11.0,0.018500000000000003
CAMP027,2024-10-27,Instagram,DE,Text,22489,315.0,179.82,52.0,
CAMP008,2024-04-01,Google Ads,PH,Image,5827,25.0,21.47,0.0,0.0199
,2024-08-06,TikTok,US,Carousel,48356,1765.0,887.82,288.0,0.023
,2024-04-08,Facebook,AU,Text,13077,417.0,318.15,59.0,
CAMP006,2024-08-05,Facebook,IN,Image,74215,1646.0,865.59,167.0,0.0206
CAMP016,,LinkedIn,US,Image,11360,305.0,1268.64,,0.046900000000000004
CAMP012,2024-10-06,Facebook,DE,Carousel,5081,70.0,52.58,2.0,0.0297
CAMP030,2024-04-06,Google Ads,US,Video,10662,170.0,178.28,31.0,0.0437
,2024-11-04,Google Ads,FR,Image,4605,160.0,141.33,19.0,
,2024-07-29,Google Ads,FR,Image,4816,122.0,96.06,13.0,0.0441
,2024-02-07,Instagram,UK,Text,46432,141.0,118.88,,0.028300000000000002
CAMP019,2024-08-17,Instagram,FR,Image,11953,,0.0,0.0,0.0334
Camp018,2024-03-11,TikTok,CA,Carousel,3277,14.0,6.57,2.0,
,,Google Ads,FRANCE,Text,26093,,0.0,,0.0356
CAMP017,2024-07-19,Facebook,DE,Image,3670,80.0,50.16,5.0,0.0431
CAMP002,,Google Ads,FR,Carousel,5368,63.0,74.8,3.0,0.0113
CAMP023,2024-11-09,Google Ads,FR,Image,2262,,0.0,,
,2024-01-25,TikTok,PH,Image,4764,67.0,33.09,13.0,0.016399999999999998
,2024-04-03,LinkedIn,FRANCE,Carousel,18575,18.0,52.87,2.0,0.0209
,2024-03-15,Instagram,CA,Image,8790,217.0,174.45,25.0,0.0273
,,Facebook,CA,Text,8618,95.0,54.29,10.0,
,2024-02-17,TikTok,PH,Video,785300,23053.0,15933.65,2082.0,0.053899999999999997
CAMP003,2024-03-01,Facebook,U S,Carousel,20757,,0.0,0.0,0.0263
CAMP015,2024-03-06,Google Ads,PH,Carousel,6951,146.0,157.53,5.0,0.0088
CAMP008,2024-10-13,Facebook,U S,Carousel,10406,182.0,141.3,24.0,
CAMP003,2024-04-10,Google Ads,US,Carousel,4896,140.0,139.07,,0.0345
,2024-03-25,Facebook,IN,Carousel,4409,109.0,77.67,2.0,0.0116
Camp002,2024-05-24,Google Ads,FR,Image,5739,162.0,142.74,27.0,0.0067
,2024-05-04,TikTok,FR,Text,5812,11.0,6.12,2.0,0.0424
CAMP003,2024-06-08,TikTok,CA,Video,5639,179.0,123.97,31.0,0.0043
,2024-10-01,Google Ads,IN,Text,26255,334.0,373.52,55.0,0.0331
CAMP016,2024-10-28,Instagram,AU,Video,2912,125.0,56.92,10.0,0.0304
CAMP005,2024-05-03,Instagram,US,Image,17683,56.0,46.39,2.0,0.042300000000000004
CAMP004,,Google Ads,AU,Carousel,27379,532.0,638.95,70.0,
,,Google Ads,FR,Image,24877,730.0,545.0,26.0,0.0231
CAMP002,,Google Ads,PH,Carousel,8401,220.0,199.14,34.0,0.0246
CAMP026,,Instagram,FR,Video,38063,,0.0,0.0,0.045899999999999996
CAMP026,2024-11-28,Instagram,FRANCE,Image,9197,123.0,71.47,24.0,0.0584
CAMP020,2024-06-03,Instagram,FR,Carousel,10888,153.0,112.92,14.0,
,2024-03-25,Facebook,FR,Image,32617,380.0,229.68,15.0,0.0466
CAMP005,2024-11-09,LinkedIn,US,Carousel,16750,435.0,2193.64,21.0,0.015
,,Google Ads,IN,Carousel,3222,92.0,60.9,12.0,0.0202
CAMP024,2024-03-01,LinkedIn,US,Text,13698,417.0,1694.24,10.0,0.025699999999999997
CAMP003,2024-03-15,LinkedIn,US,Text,5814,94.0,362.81,2.0,
CAMP010,2024-10-10,Google Ads,IN,Image,7974,174.0,184.67,31.0,0.056799999999999996
CAMP018,2024-10-20,LinkedIn,US,Carousel,2844,37.0,112.45,3.0,0.046
CAMP007,2024-10-30,TikTok,US,Carousel,22266,793.0,435.86,129.0,
Camp021,2024-10-29,TikTok,IN,Image,16634,445.0,244.68,56.0,0.025699999999999997
CAMP017,2024-09-28,Facebook,AU,Text,8769,152.0,93.34,18.0,0.0118
CAMP001,2024-04-22,Instagram,DE,Text,11568,292.0,222.21,57.0,0.0219
CAMP005,2024-07-09,Facebook,FR,Carousel,13634,125.0,72.66,,0.0031
,2024-08-05,Facebook,US,Carousel,4027,49.0,29.16,3.0,0.0401
CAMP009,2024-01-28,TikTok,UK,Video,1951,47.0,29.98,3.0,
CAMP006,2024-11-30,TikTok,PH,Video,23816,684.0,401.98,129.0,0.0548
CAMP022,2024-03-24,Google Ads,FR,Carousel,10143,184.0,152.19,8.0,0.0567
CAMP003,2024-11-07,Facebook,UK,Video,12084,55.0,51.48,3.0,0.0346
CAMP008,2024-07-01,LinkedIn,PH,Carousel,8117,334.0,1065.26,12.0,
CAMP028,,Google Ads,US,Text,16634,559.0,607.56,,0.0208
CAMP024,2024-06-07,LinkedIn,DE,Text,2366,65.0,243.15,6.0,0.0265
,2024-09-18,Facebook,FR,Image,20773,,0.0,0.0,0.0203
CAMP010,2024-02-24,LinkedIn,UK,Video,1244,23.0,107.43,3.0,0.0481
,2024-09-03,Facebook,CA,Carousel,11434,337.0,276.44,35.0,0.0437
CAMP027,,TikTok,FR,Video,9057,119.0,56.0,9.0,0.0362
CAMP005,2024-08-11,Facebook,US,Video,9611,181.0,163.82,,0.0315
CAMP022,2024-09-06,Facebook,FR,Video,47142,497.0,349.4,18.0,0.0259
CAMP003,2024-07-04,Instagram,IN,Video,10358,190.0,139.54,18.0,0.032799999999999996
,2024-06-11,LinkedIn,FRANCE,Video,2602,73.0,308.21,7.0,0.012199999999999999
CAMP022,2024-02-25,Facebook,FR,Carousel,3066,46.0,23.3,,
,,Instagram,UK,Video,9692,261.0,187.21,35.0,0.035
,2024-07-02,Facebook,US,Video,3473,82.0,40.85,14.0,0.0493
CAMP006,2024-03-02,Facebook,US,Image,4388,92.0,90.11,10.0,0.045700000000000005
CAMP016,2024-10-03,Instagram,AU,Carousel,249500,4034.0,2963.23,599.0,0.026000000000000002
Camp027,2024-12-22,Instagram,DE,Video,15491,169.0,101.04,12.0,0.0258
CAMP011,,Google Ads,CA,Video,26093,742.0,45919.7,134.0,
CAMP016,2024-04-02,Facebook,PH,Video,25111,546.0,465.06,35.0,0.0593
Camp018,2024-08-09,LinkedIn,DE,Carousel,56700,893.0,2684.29,29.0,
,2024-09-08,TikTok,DE,Image,3078,15.0,9.48,2.0,0.044000000000000004
CAMP005,,Google Ads,PH,Image,12695,133.0,127.7,13.0,0.0086
CAMP003,2024-07-23,Google Ads,CA,Carousel,6232,105.0,69.13,6.0,0.0362
CAMP023,,LinkedIn,AU,Carousel,18548,256.0,817.39,22.0,0.037599999999999995
,2024-12-30,TikTok,IN,Image,26346,1146.0,557.52,26.0,0.0424
Camp006,,Google Ads,AU,Image,3801,50.0,38.44,4.0,0.0354
CAMP005,2024-10-02,TikTok,PH,Video,3001,11.0,4.63,1.0,0.0492
,2024-01-05,Instagram,CA,Text,13206,232.0,210.96,12.0,
CAMP005,,TikTok,CA,Video,7466,181.0,117.25,,0.0555
CAMP006,2024-03-14,Facebook,DE,Carousel,7787,142.0,126.48,23.0,0.0096
CAMP005,2024-12-29,Facebook,DE,Image,60140,887.0,657.0,53.0,0.0021
,2024-06-06,Google Ads,US,Video,23112,411.0,278.43,18.0,0.0149
CAMP012,2024-10-19,Facebook,AU,Carousel,4673,152.0,82.43,19.0,0.051500000000000004
Camp013,2024-11-27,TikTok,DE,Carousel,141436,,0.0,0.0,0.0043
CAMP009,2024-03-06,Facebook,P.H.,Image,6367,23.0,15.44,2.0,
,2024-05-12,Facebook,CA,Image,91216,2071.0,1183.86,154.0,0.0091
CAMP016,2024-01-16,Instagram,IN,Video,6179,226.0,103.83,31.0,0.0274
CAMP007,2024-04-16,LinkedIn,PH,Text,12872,154.0,790.46,22.0,0.0463
Camp023,,Instagram,UK,Video,5524,243.0,143.18,40.0,
CAMP021,2024-03-23,LinkedIn,DE,Image,11387,262.0,1378.98,15.0,0.0241
CAMP007,2024-02-19,Facebook,IN,Image,2529,33.0,19.64,2.0,0.023399999999999997
CAMP009,2024-04-13,Facebook,IN,Image,16193,201.0,151.57,36.0,0.0109
,2024-12-07,Google Ads,AU,Carousel,84489,1794.0,1982.72,350.0,0.022000000000000002
CAMP006,,Google Ads,US,Image,26192,668.0,516.45,28.0,
CAMP013,2024-05-27,Facebook,PH,Image,21897,460.0,415.85,51.0,0.032400000000000005
CAMP021,2024-07-01,Facebook,UK,Text,13645,278.0,245.51,20.0,0.023700000000000002
Camp010,2024-12-10,TikTok,US,Image,7596,99.0,66.95,4.0,0.0060999999999999995
CAMP011,2024-01-24,LinkedIn,US,Carousel,5410,112.0,405.5,12.0,0.0583
CAMP021,2024-08-02,Instagram,AU,Carousel,3451,81.0,46.83,8.0,0.0391
CAMP021,2024-01-18,Google Ads,PH,Carousel,22357,43.0,49.36,3.0,0.011899999999999999
CAMP029,2024-10-30,Facebook,AU,Video,8530,8.0,6.99,1.0,0.0274
,2024-12-07,LinkedIn,AU,Video,9736,,0.0,0.0,
CAMP029,2024-01-21,Google Ads,DE,Video,13080,211.0,227.04,20.0,0.0166
CAMP018,2024-05-15,Google Ads,DE,Image,46420,876.0,688.25,119.0,0.049400000000000006
,,Instagram,DE,Image,10551,251.0,221.18,22.0,0.04
,2024-10-04,Facebook,PH,Image,37185,643.0,406.21,99.0,0.0106
CAMP006,,Instagram,US,Video,14094,392.0,194.96,67.0,0.0479
,2024-12-30,TikTok,FRANCE,Carousel,1872,30.0,13.04,5.0,0.0541
CAMP023,2024-06-09,Google Ads,FR,Video,5576,5.0,5.07,0.0,0.0559
Camp021,2024-06-02,TikTok,PH,Video,2635,64.0,23.7,10.0,0.039900000000000005
Camp028,2024-12-06,Instagram,DE,Carousel,4235,65.0,44.87,3.0,0.059500000000000004
Camp006,2024-05-04,LinkedIn,CA,Image,20690,288.0,847.26,6.0,0.0305
,2024-08-08,Facebook,PH,Video,7781,174.0,159.99,32.0,0.042199999999999994
CAMP018,2024-03-02,LinkedIn,DE,Carousel,19204,509.0,1564.29,91.0,0.0123
CAMP003,2024-07-30,LinkedIn,CA,Carousel,19355,,0.0,0.0,0.0204
CAMP011,2024-09-03,TikTok,UK,Image,10133,250.0,143.24,6.0,0.0346
CAMP016,2024-02-26,Facebook,U S,Image,12819,109.0,56.76,20.0,
CAMP004,2024-02-04,Google Ads,U S,Text,8033,138.0,138.7,8.0,0.0239
CAMP010,2024-07-30,Facebook,UK,Image,2268600,17864.0,13725.25,1943.0,0.0204
CAMP007,2024-09-21,Facebook,FR,Text,41457,1071.0,990.67,155.0,0.0207
CAMP007,2024-10-18,LinkedIn,CA,Video,9337,217.0,1014.95,22.0,
,2024-06-01,Google Ads,AU,Carousel,12630,,0.0,0.0,
CAMP005,2024-09-18,Instagram,US,Image,3353,25.0,15.77,1.0,0.029900000000000003
Camp022,2024-08-22,Google Ads,AU,Carousel,19428,59.0,61.39,,
CAMP009,2024-01-30,Instagram,DE,Text,19145,163.0,117.09,20.0,
CAMP006,2024-05-12,Instagram,IN,Video,1238,28.0,14.51,1.0,0.0074
CAMP010,2024-11-10,Facebook,US,Video,24441,69.0,36.17,9.0,0.014199999999999999
CAMP002,2024-01-07,Instagram,PH,Carousel,4022,101.0,63.23,18.0,0.0023
CAMP028,,LinkedIn,AU,Carousel,5402,,0.0,0.0,0.0572
CAMP020,2024-04-27,Google Ads,PH,Video,8394,147.0,162.09,15.0,
CAMP008,2024-03-25,Facebook,AU,Video,19107,,0.0,0.0,0.0179
CAMP015,2024-01-23,Facebook,AU,Text,16072,291.0,212.92,56.0,0.042300000000000004
,2024-11-10,Facebook,US,Video,9274,99.0,64.13,19.0,0.0564
CAMP006,,TikTok,CA,Image,116576,1122.0,491.93,140.0,0.016200000000000003
CAMP026,2024-01-05,Facebook,US,Image,5806,12.0,9.12,0.0,0.024
,,Facebook,AU,Text,28260,784.0,552.96,16.0,0.053899999999999997
CAMP001,2024-04-06,LinkedIn,AU,Image,5216,13.0,45.59,1.0,0.0537
CAMP018,2024-01-23,LinkedIn,CA,Text,1806,26.0,87.96,0.0,0.0412
Camp011,,Facebook,UK,Image,8816,68.0,38.4,4.0,0.0308
,2024-08-20,LinkedIn,PH,Video,15986,222.0,957.75,36.0,0.013600000000000001
,,Instagram,IN,Video,2162,29.0,16.47,0.0,
CAMP005,2024-12-22,Instagram,UK,Image,10355,261.0,207.62,52.0,
CAMP007,2024-07-19,Instagram,U S,Image,7035,102.0,82.84,5.0,0.0467
CAMP027,2024-12-03,Google Ads,US,Image,4013,110.0,108.11,16.0,0.0556
,2024-02-27,Facebook,DE,Video,34033,244.0,6709.7,27.0,0.0141
CAMP012,2024-11-03,LinkedIn,IN,Text,16359,187.0,814.53,14.0,0.0137
,2024-05-01,Facebook,PH,Video,3580,112.0,82.79,12.0,0.0138
CAMP010,2024-12-07,LinkedIn,IN,Text,11898,265.0,1015.07,8.0,0.0567
Camp003,,LinkedIn,UK,Video,8462,,0.0,0.0,0.0167
CAMP011,2024-10-18,TikTok,PH,Image,13836,374.0,154.05,9.0,0.0329
CAMP027,2024-12-01,Facebook,UK,Carousel,8194,196.0,125.43,30.0,0.0088
,2024-05-21,Google Ads,FRANCE,Image,9150,73.0,64.97,1.0,
CAMP028,,LinkedIn,U S,Text,13988,376.0,1306.48,70.0,0.051500000000000004
CAMP011,2024-12-20,Facebook,UK,Carousel,6397,187.0,109.22,,0.0354
,,Facebook,US,Video,7056,210.0,132.26,40.0,0.0572
CAMP010,2024-02-23,Google Ads,US,Video,7820,157.0,159.17,10.0,0.0527
CAMP002,2024-06-27,Instagram,U S,Text,8444,98.0,54.92,19.0,0.0178
CAMP022,2024-05-18,TikTok,CA,Video,8084,104.0,51.18,,0.0297
CAMP012,2024-11-20,LinkedIn,IN,Text,4686,78.0,229.38,10.0,
CAMP009,2024-11-27,Google Ads,FR,Video,2329,25.0,16.76,0.0,0.0591
CAMP026,2024-04-04,TikTok,FRANCE,Video,3650,54.0,28.79,,
CAMP003,2024-09-01,Facebook,FR,Text,5790,176.0,104.01,10.0,0.0034000000000000002
,2024-07-10,Google Ads,US,Carousel,5475,211.0,209.5,23.0,0.0404
CAMP002,2024-05-08,TikTok,DE,Video,1390400,13464.0,6322.8,995.0,0.052000000000000005
CAMP020,2024-09-25,Google Ads,CA,Image,6677,77.0,93.66,4.0,
CAMP001,,LinkedIn,AU,Image,20486,289.0,1556.7,19.0,
CAMP029,2024-07-27,Google Ads,FR,Image,13593,177.0,163.21,29.0,
,2024-10-08,LinkedIn,AU,Carousel,7263,161.0,525.7,5.0,0.015700000000000002
CAMP001,2024-01-23,TikTok,UK,Video,1097,22.0,11.35,,0.057300000000000004
,2024-08-17,Google Ads,DE,Text,5752,5.0,4.19,0.0,0.0262
,2024-04-02,Google Ads,UK,Carousel,43034,1635.0,1112.14,106.0,0.027200000000000002
,2024-03-18,Instagram,US,Video,2646,56.0,32.57,10.0,0.0354
CAMP026,2024-04-21,Instagram,US,Image,8403,136.0,75.73,23.0,
CAMP007,2024-03-23,Instagram,IN,Video,8569,155.0,104.55,13.0,0.0168
CAMP024,,Google Ads,US,Text,4204,152.0,180.49,20.0,
,2024-12-09,Facebook,US,Image,8440,244.0,221.89,38.0,0.0416
CAMP020,,LinkedIn,U S,Video,6897,87.0,329.34,3.0,0.0599
CAMP029,2024-10-25,LinkedIn,U S,Text,3544,77.0,235.76,9.0,0.044800000000000006
CAMP017,2024-02-11,Facebook,US,Carousel,25598,716.0,520.86,119.0,0.0571
CAMP002,2024-11-11,Google Ads,IN,Text,3822,10.0,6.83,0.0,
